{
  "title": "城内设施-兵营配置表",
  "name": "兵营",
  "type": 5,
  "des": "提高本城部队武将带兵数量",
  "additions": [
    24
  ],
  "conditions": [
    {
      "type": 0,
      "level": 7
    }
  ],
  "levels": [
    {
      "level": 1,
      "values": [
        100
      ],
      "need": {
        "decree": 0,
        "grain": 1000,
        "wood": 1000,
        "iron": 1000,
        "stone": 1000
      },
      "time": 10
    },
    {
      "level": 2,
      "values": [
        200
      ],
      "need": {
        "decree": 0,
        "grain": 2000,
        "wood": 2000,
        "iron": 2000,
        "stone": 2000
      },
      "time": 20
    },
    {
      "level": 3,
      "values": [
        300
      ],
      "need": {
        "decree": 0,
        "grain": 3000,
        "wood": 3000,
        "iron": 3000,
        "stone": 3000
      },
      "time": 30
    },
    {
      "level": 4,
      "values": [
        400
      ],
      "need": {
        "decree": 0,
        "grain": 4000,
        "wood": 4000,
        "iron": 4000,
        "stone": 4000
      },
      "time": 40
    },
    {
      "level": 5,
      "values": [
        500
      ],
      "need": {
        "decree": 0,
        "grain": 5000,
        "wood": 5000,
        "iron": 5000,
        "stone": 5000
      },
      "time": 50
    }
  ]
}