{
  "title": "城内设施-军机营配置表",
  "name": "军机营",
  "type": 3,
  "des": "提高本城部队谋略",
  "additions": [
    6
  ],
  "conditions": [
    {
      "type": 0,
      "level": 3
    }
  ],
  "levels": [
    {
      "level": 1,
      "values": [
        5
      ],
      "need": {
        "decree": 0,
        "grain": 1000,
        "wood": 1000,
        "iron": 1000,
        "stone": 1000
      },
      "time": 10
    },
    {
      "level": 2,
      "values": [
        10
      ],
      "need": {
        "decree": 0,
        "grain": 1000,
        "wood": 1000,
        "iron": 1000,
        "stone": 1000
      },
      "time": 20
    },
    {
      "level": 3,
      "values": [
        15
      ],
      "need": {
        "decree": 0,
        "grain": 1000,
        "wood": 1000,
        "iron": 1000,
        "stone": 1000
      },
      "time": 30
    },
    {
      "level": 4,
      "values": [
        20
      ],
      "need": {
        "decree": 0,
        "grain": 1000,
        "wood": 1000,
        "iron": 1000,
        "stone": 1000
      },
      "time": 40
    },
    {
      "level": 5,
      "values": [
        25
      ],
      "need": {
        "decree": 0,
        "grain": 1000,
        "wood": 1000,
        "iron": 1000,
        "stone": 1000
      },
      "time": 50
    }
  ]
}