{
  "title": "城内设施-校场配置表",
    "name": "校场",
    "type": 13,
    "des": "使本城可以配置部队，并提高本城可配置部队数量",
    "additions": [
      3
    ],
    "conditions": [
      {
        "type": 0,
        "level": 1
      }
    ],
    "levels": [
      {
        "level": 1,
        "values": [
          1
        ],
        "need": {
          "decree": 0,
          "grain": 1000,
          "wood": 1000,
          "iron": 1000,
          "stone": 1000
        },
        "time": 10
      },
      {
        "level": 2,
        "values": [
          2
        ],
        "need": {
          "decree": 0,
          "grain": 2000,
          "wood": 2000,
          "iron": 2000,
          "stone": 2000
        },
        "time": 20
      },
      {
        "level": 3,
        "values": [
          3
        ],
        "need": {
          "decree": 0,
          "grain": 3000,
          "wood": 3000,
          "iron": 3000,
          "stone": 3000
        },
        "time": 30
      },
      {
        "level": 4,
        "values": [
          4
        ],
        "need": {
          "decree": 0,
          "grain": 4000,
          "wood": 4000,
          "iron": 4000,
          "stone": 4000
        },
        "time": 40
      },
      {
        "level": 5,
        "values": [
          5
        ],
        "need": {
          "decree": 0,
          "grain": 5000,
          "wood": 5000,
          "iron": 5000,
          "stone": 5000
        },
        "time": 50
      }
    ]
}