{
  "trigger_type": {
    "des": "触发类型",
    "list": [
      {
        "type": 1,
        "des": "主动"
      },
      {
        "type": 2,
        "des": "被动"
      },
      {
        "type": 3,
        "des": "追击"
      },
      {
        "type": 4,
        "des": "指挥"
      }
    ]
  },
  "effect_type": {
    "des": "效果类型",
    "list": [
      {
        "type": 1,
        "des": "伤害率",
        "isRate": true
      },
      {
        "type": 2,
        "des": "攻击",
        "isRate": false
      },
      {
        "type": 3,
        "des": "防御",
        "isRate": false
      },
      {
        "type": 4,
        "des": "谋略",
        "isRate": false
      },
      {
        "type": 5,
        "des": "速度",
        "isRate": false
      }
    ]
  },
  "target_type": {
    "des": "作用目标类型",
    "list": [
      {
        "type": 1,
        "des": "自己"
      },
      {
        "type": 2,
        "des": "我军单体"
      },
      {
        "type": 3,
        "des": "我军1-2个目标"
      },
      {
        "type": 4,
        "des": "我军全体"
      },
      {
        "type": 5,
        "des": "敌军单体"
      },
      {
        "type": 6,
        "des": "敌军1-2个目标"
      },
      {
        "type": 7,
        "des": "敌军2-3个目标"
      },
      {
        "type": 8,
        "des": "敌军全体"
      }
    ]
  }
}