{
  "title": "地图资源配置",
  "cfg":[
    {"type": 50,
      "des": "系统要塞",
      "name": "要塞",
      "level": 5,
      "grain": 0,
      "wood": 0,
      "iron": 0,
      "stone": 0,
      "durable": 30000,
      "defender": 1
    },
    {"type": 51,
    "name": "城区",
    "level": 1,
    "grain": 0,
    "wood": 0,
    "iron": 0,
    "stone": 0,
    "durable": 100000,
    "defender": 5
   },
    {"type": 51,
      "name": "城区",
      "level": 2,
      "grain": 0,
      "wood": 0,
      "iron": 0,
      "stone": 0,
      "durable": 200000,
      "defender": 5
    },
    {"type": 51,
      "name": "城区",
      "level": 3,
      "grain": 0,
      "wood": 0,
      "iron": 0,
      "stone": 0,
      "durable": 300000,
      "defender": 5
    },
    {"type": 51,
      "name": "城区",
      "level": 4,
      "grain": 0,
      "wood": 0,
      "iron": 0,
      "stone": 0,
      "durable": 400000,
      "defender": 5
    },
    {"type": 51,
      "name": "城区",
      "level": 5,
      "grain": 0,
      "wood": 0,
      "iron": 0,
      "stone": 0,
      "durable": 500000,
      "defender": 5
    },
    {"type": 51,
      "name": "城区",
      "level": 6,
      "grain": 0,
      "wood": 0,
      "iron": 0,
      "stone": 0,
      "durable": 600000,
      "defender": 5
    },
    {"type": 51,
      "name": "城区",
      "level": 7,
      "grain": 0,
      "wood": 0,
      "iron": 0,
      "stone": 0,
      "durable": 700000,
      "defender": 5
    },
    {"type": 51,
      "name": "城区",
      "level": 8,
      "grain": 0,
      "wood": 0,
      "iron": 0,
      "stone": 0,
      "durable": 800000,
      "defender": 5
    },
    {"type": 51,
      "name": "城区",
      "level": 9,
      "grain": 0,
      "wood": 0,
      "iron": 0,
      "stone": 0,
      "durable": 900000,
      "defender": 5
    },
    {"type": 51,
      "name": "城区",
      "level": 10,
      "grain": 0,
      "wood": 0,
      "iron": 0,
      "stone": 0,
      "durable": 1000000,
      "defender": 5
    },
   {"type": 52,
     "name": "土地Lv.1",
     "level": 1,
     "grain": 100,
     "wood": 100,
     "iron": 100,
     "stone": 100,
     "durable": 10000,
     "defender": 1
   },
   {"type": 52,
     "name": "土地Lv.2",
     "level": 2,
     "grain": 200,
     "wood": 200,
     "iron": 200,
     "stone": 200,
     "durable": 10000,
     "defender": 2
   },
   {"type": 52,
     "name": "土地Lv.3",
     "level": 3,
     "grain": 300,
     "wood": 300,
     "iron": 300,
     "stone": 300,
     "durable": 100,
     "defender": 3
   },
   {"type": 52,
     "name": "土地Lv.4",
     "level": 4,
     "grain": 0,
     "wood": 4000,
     "iron": 0,
     "stone": 0,
     "durable": 10000,
     "defender": 4
   },
   {"type": 52,
     "name": "土地Lv.5",
     "level": 5,
     "grain": 0,
     "wood": 5000,
     "iron": 0,
     "stone": 0,
     "durable": 10000,
     "defender": 5
   },
    {"type": 52,
      "name": "土地Lv.6",
      "level": 6,
      "grain": 0,
      "wood": 1000,
      "iron": 0,
      "stone": 0,
      "durable": 10000,
      "defender": 6
    },
    {"type": 52,
      "name": "土地Lv.7",
      "level": 7,
      "grain": 0,
      "wood": 2000,
      "iron": 0,
      "stone": 0,
      "durable": 10000,
      "defender": 7
    },
    {"type": 52,
      "name": "土地Lv.8",
      "level": 8,
      "grain": 0,
      "wood": 3000,
      "iron": 0,
      "stone": 0,
      "durable": 100,
      "defender": 8
    },
    {"type": 53,
      "name": "土地Lv.1",
      "level": 1,
      "grain": 100,
      "wood": 100,
      "iron": 100,
      "stone": 100,
      "durable": 10000,
      "defender": 1
    },
    {"type": 53,
      "name": "土地Lv.2",
      "level": 2,
      "grain": 200,
      "wood": 200,
      "iron": 200,
      "stone": 200,
      "durable": 10000,
      "defender": 2
    },
    {"type": 53,
      "name": "土地Lv.3",
      "level": 3,
      "grain": 300,
      "wood": 300,
      "iron": 300,
      "stone": 300,
      "durable": 100,
      "defender": 3
    },
   {"type": 53,
     "name": "土地Lv.4",
     "level": 4,
     "grain": 0,
     "wood": 0,
     "iron": 4000,
     "stone": 0,
     "durable": 10000,
     "defender": 4
   },
   {"type": 53,
     "name": "土地Lv.5",
     "level": 5,
     "grain": 0,
     "wood": 0,
     "iron": 5000,
     "stone": 0,
     "durable": 100,
     "defender": 5
   },
   {"type": 53,
     "name": "土地Lv.6",
     "level": 6,
     "grain": 0,
     "wood": 0,
     "iron": 6000,
     "stone": 0,
     "durable": 10000,
     "defender": 6
   },
   {"type": 53,
     "name": "土地Lv.7",
     "level": 7,
     "grain": 0,
     "wood": 0,
     "iron": 7000,
     "stone": 0,
     "durable": 10000,
     "defender": 7
   },
   {"type": 53,
     "name": "土地Lv.8",
     "level": 8,
     "grain": 0,
     "wood": 0,
     "iron": 8000,
     "stone": 0,
     "durable": 10000,
     "defender": 8
   },
    {"type": 54,
      "name": "土地Lv.1",
      "level": 1,
      "grain": 100,
      "wood": 100,
      "iron": 100,
      "stone": 100,
      "durable": 10000,
      "defender": 1
    },
    {"type": 54,
      "name": "土地Lv.2",
      "level": 2,
      "grain": 200,
      "wood": 200,
      "iron": 200,
      "stone": 200,
      "durable": 10000,
      "defender": 2
    },
    {"type": 54,
      "name": "土地Lv.3",
      "level": 3,
      "grain": 300,
      "wood": 300,
      "iron": 300,
      "stone": 300,
      "durable": 100,
      "defender": 3
    },
   {"type": 54,
     "name": "土地Lv.4",
     "level": 4,
     "grain": 0,
     "wood": 0,
     "iron": 0,
     "stone": 1000,
     "durable": 10000,
     "defender": 1
   },
   {"type": 54,
     "name": "土地Lv.5",
     "level": 5,
     "grain": 0,
     "wood": 0,
     "iron": 0,
     "stone": 5000,
     "durable": 10000,
     "defender": 5
   },
   {"type": 54,
     "name": "土地Lv.6",
     "level": 6,
     "grain": 0,
     "wood": 0,
     "iron": 0,
     "stone": 6000,
     "durable": 10000,
     "defender": 6
   },
   {"type": 54,
     "name": "土地Lv.7",
     "level": 7,
     "grain": 0,
     "wood": 0,
     "iron": 0,
     "stone": 7000,
     "durable": 10000,
     "defender": 7
   },
   {"type": 54,
     "name": "土地Lv.8",
     "level": 8,
     "grain": 0,
     "wood": 0,
     "iron": 0,
     "stone": 8000,
     "durable": 10000,
     "defender": 8
   },



    {"type": 55,
      "name": "土地Lv.1",
      "level": 1,
      "grain": 100,
      "wood": 100,
      "iron": 100,
      "stone": 100,
      "durable": 10000,
      "defender": 1
    },
    {"type": 55,
      "name": "土地Lv.2",
      "level": 2,
      "grain": 200,
      "wood": 200,
      "iron": 200,
      "stone": 200,
      "durable": 10000,
      "defender": 2
    },
    {"type": 55,
      "name": "土地Lv.3",
      "level": 3,
      "grain": 300,
      "wood": 300,
      "iron": 300,
      "stone": 300,
      "durable": 100,
      "defender": 3
    },
   {"type": 55,
     "name": "土地Lv.4",
     "level": 4,
     "grain": 1000,
     "wood": 0,
     "iron": 0,
     "stone": 0,
     "durable": 10000,
     "defender": 4
   },
   {"type": 55,
     "name": "土地Lv.5",
     "level": 5,
     "grain": 5000,
     "wood": 0,
     "iron": 0,
     "stone": 0,
     "durable": 10000,
     "defender": 5
   },
   {"type": 55,
     "name": "土地Lv.6",
     "level": 6,
     "grain": 6000,
     "wood": 0,
     "iron": 0,
     "stone": 0,
     "durable": 10000,
     "defender": 6
   },
   {"type": 55,
     "name": "土地Lv.7",
     "level": 7,
     "grain": 7000,
     "wood": 0,
     "iron": 0,
     "stone": 0,
     "durable": 10000,
     "defender": 7
   },
   {"type": 55,
     "name": "土地Lv.8",
     "level": 8,
     "grain": 8000,
     "wood": 0,
     "iron": 0,
     "stone": 0,
     "durable": 10000,
     "defender": 8
   }
  ]
}